CODIGO;ID;PRODUCTO;PRECIO;PRECIO2;ACTUALIZADO
0;102;ALMACEN;$ 1.600,00;$ 0,00;15/10/2025
654564653;103;YERBA PLAYADITO X 500G;$ 3.500,00;$ 4.500,00;11/10/2025
0;104;YERBA PLAYADITO X 1K;$ 7.500,00;$ 0,00;0
0;105;FIAMBRES VARIOS;$ 0,00;$ 0,00;0
0;106;YERBA PIPORE R X 1K;$ 7.300,00;$ 0,00;0
0;107;YERBA PIPORE V X 1K;$ 7.300,00;$ 0,00;0
0;108;YERBA PIPORE R X 500G;$ 3.000,00;$ 0,00;0
0;109;YERBA PIPORE V X 500G;$ 3.000,00;$ 0,00;0
0;110;YERBA MAÑANITA X 500G;$ 3.500,00;$ 0,00;0
0;111;YERBA UNION X 1K;$ 6.300,00;$ 0,00;0
0;112;YERBA TARAGUIX 500G;$ 4.000,00;$ 0,00;0
0;113;YERBA ROSAMONTEX 500;$ 3.500,00;$ 0,00;0
0;115;FIDEOS CAMPAÑOLA;$ 2.000,00;$ 0,00;0
0;116;FIDEOS ARCOR;$ 1.900,00;$ 0,00;0
0;118;POLENTA X 730G;$ 2.500,00;$ 0,00;0
0;119;POLENTA X 500G;$ 1.800,00;$ 0,00;0
0;120;ARROZ MOLINO VERDE  X 500G;$ 1.500,00;$ 0,00;0
0;121;ARROZ MOLINO SELECTO X 1K;$ 4.400,00;$ 0,00;0
0;123;ARROZ GALLO X 500G;$ 2.500,00;$ 0,00;0
0;124;ARROZ  PRIMOR X K;$ 2.800,00;$ 0,00;0
0;125;POROTO X 500G;$ 3.000,00;$ 0,00;0
0;126;MAIZ PISADO COLORADO X 400G;$ 2.500,00;$ 0,00;0
0;127;MAIZ PISADO BLANCO X 400G;$ 2.300,00;$ 0,00;0
0;129;PURE LISTO  KNORR X 125G;$ 3.400,00;$ 0,00;0
0;130;GALLO ARROZ PREPARADO X 240G;$ 3.300,00;$ 0,00;0
0;131;BOLSA HORNO KNORR;$ 2.500,00;$ 0,00;0
0;134;QUESO RALLADO iILOLAY X 40G;$ 2.200,00;$ 0,00;0
0;136;MAYONESA HELLMANNS X 125G;$ 1.300,00;$ 0,00;0
0;137;ADERESOS MAYONESA NATURA X 125G;$ 1.300,00;$ 0,00;0
0;138;ADERESOS MAYONESA NATURA X 250G;$ 2.500,00;$ 0,00;0
0;139;ADERESOS MAYONESA HELLMANNS X 250G;$ 2.500,00;$ 0,00;0
0;140;ADERESOS MAYONESA HELLMANNS X 500G;$ 3.500,00;$ 0,00;0
0;141;ADERESOS MAYONESA NATURA X 500G;$ 3.000,00;$ 0,00;0
0;142;LECHE TREGAR X 1L;$ 2.500,00;$ 0,00;0
0;144;LECHE LA SERENISIMA;$ 3.400,00;$ 0,00;0
0;145;LECHE ZERO LACTOSA SERENISIMA;$ 3.800,00;$ 0,00;0
0;146;SAVORA X 250G;$ 2.000,00;$ 0,00;0
0;147;ADERESOS ADERESOS KETCHUP HELLMANNS X250;$ 2.200,00;$ 0,00;0
0;148;GRASA LARIO;$ 7.700,00;$ 0,00;0
0;150;GRASA RICABE X 1K;$ 10.200,00;$ 0,00;0
0;151;CAFE LA VIRGINIA SAQUITO;$ 400,00;$ 0,00;0
0;152;CAFE LA VIRGINIA X 100G;$ 7.300,00;$ 0,00;0
0;153;CAFE LA VIRGINIA X 170G;$ 10.000,00;$ 0,00;0
0;154;CAFE LA VIRGINIA TORRADO X 250G;$ 7.000,00;$ 0,00;0
0;155;AZUCAR LEDESMA X 1K;$ 2.000,00;$ 0,00;0
0;157;CHOCOLINO  EN POLVO X 180G;$ 1.000,00;$ 0,00;0
0;158;NESQUIK X 360G;$ 9.000,00;$ 0,00;0
0;159;MATE COCIDO TARAGUI  X 25;$ 2.500,00;$ 0,00;0
0;160;TE TARAGUI  X 25;$ 1.800,00;$ 0,00;0
0;161;TE LA VIRGINIA HIERBAS  X 25;$ 3.500,00;$ 0,00;0
0;162;POLVO HORNEAR  X;$ 1.500,00;$ 0,00;0
0;226;GASEOSA COCA LATA X 310;$ 2.700,00;$ 0,00;0
0;227;GASEOSA COCA LATA 237;$ 1.500,00;$ 0,00;0
0;228;GASEOSA COCA X 500;$ 3.000,00;$ 0,00;0
0;229;GASEOSA COCA VIDRIO;$ 1.800,00;$ 0,00;0
0;230;GASEOSA COCA RET;$ 5.000,00;$ 0,00;0
0;231;GASEOSA COCA X 1L;$ 4.800,00;$ 0,00;0
0;232;GASEOSA COCA X 1 5L;$ 6.000,00;$ 0,00;0
0;233;GASEOSA COCA X 2 25L;$ 8.300,00;$ 0,00;0
0;234;GASEOSA COCA X 3L;$ 9.500,00;$ 0,00;0
0;235;CERVEZA HEINEKEN PORRON;$ 4.000,00;$ 0,00;0
0;236;POWER;$ 3.500,00;$ 0,00;0
0;237;GASEOSA PEPSI X 500;$ 2.500,00;$ 0,00;0
0;238;GASEOSA PEPSI X 1 5L;$ 4.500,00;$ 0,00;0
0;240;GASEOSA PEPSI X 2 25L;$ 5.500,00;$ 0,00;0
0;241;GASEOSA PEPSI X 3L;$ 0,00;$ 0,00;0
0;242;GASEOSA MANAOS X 2 25L;$ 3.000,00;$ 0,00;0
0;243;GASEOSA MANAOS X 3L;$ 3.500,00;$ 0,00;0
0;245;AGUA SABORIZADA AQUARIUS X 1 5L;$ 5.000,00;$ 0,00;0
0;246;AGUA SABORIZADA LEVITE;$ 4.000,00;$ 0,00;0
0;247;JUGO ADES CAJA;$ 4.500,00;$ 0,00;0
0;248;AGUA X 600;$ 1.500,00;$ 0,00;0
0;249;JUGO CEPITA CAJA;$ 4.000,00;$ 0,00;0
0;250;JUGO CEPITA BOTELLA 1.5;$ 5.300,00;$ 0,00;0
0;253;GATORADE X 1 5L;$ 4.800,00;$ 0,00;0
0;254;TERMA;$ 3.000,00;$ 0,00;0
0;255;SODA MANAOS;$ 2.300,00;$ 0,00;0
0;256;AGUAS  BONAQUA X 1 5L;$ 2.500,00;$ 0,00;0
0;257;JUGO PURO SOL;$ 3.500,00;$ 0,00;0
0;258;SODA GATILLO SECCO;$ 2.600,00;$ 0,00;0
0;308;CERVESA QUILMES CLAS LITRO;$ 4.800,00;$ 0,00;0
0;310;CERVEZA ANDES CLAS BOTELLA;$ 4.800,00;$ 0,00;0
0;311;CERVEZA ANDES ORIGEN BOTELLA;$ 5.800,00;$ 0,00;0
0;312;CERVEZA IMPERIAL CLAS BOTELLA;$ 4.600,00;$ 0,00;0
0;313;CERVEZA IMPERIAL N&R LATA;$ 3.500,00;$ 0,00;0
0;314;CERVEZA IMPERIAL IPA/APA BOTELLA;$ 5.500,00;$ 0,00;0
0;315;CERVEZA HEINEKEN LITRO;$ 6.500,00;$ 0,00;0
0;316;CERVEZA STELLA BOTELLA;$ 7.000,00;$ 0,00;0
0;317;CERVESA HEINEKEN 710;$ 5.500,00;$ 0,00;0
0;318;CERVEZA SCHNEIDER LATON 710;$ 4.300,00;$ 0,00;0
0;319;CERVEZA CORONA 710;$ 6.600,00;$ 0,00;0
0;321;CERVEZA QUILMES LATA;$ 2.600,00;$ 0,00;0
0;322;CERVEZA ANDES LATA;$ 2.600,00;$ 0,00;0
0;323;CERVEZA QUILMES S/A;$ 0,00;$ 0,00;0
0;324;CERVEZA GROLSCH BOTELLA;$ 6.500,00;$ 0,00;0
0;326;CERVEZA IMPERIAL CLAS LATA;$ 3.500,00;$ 0,00;0
0;327;CERVEZA IMPERIAL IPA/APA;$ 3.500,00;$ 0,00;0
0;330;CERVEZA ANDES ORIGEN LATA;$ 3.500,00;$ 0,00;0
0;331;DR LEMON LATA;$ 2.500,00;$ 0,00;0
0;332;PRONTO;$ 2.200,00;$ 0,00;0
0;335;MONSTER;$ 4.500,00;$ 0,00;0
0;336;VINO COLON MALBEC;$ 7.000,00;$ 0,00;0
0;337;VINO TORO;$ 3.500,00;$ 0,00;0
0;338;VINO NATIVO BLANCO;$ 2.800,00;$ 0,00;0
0;339;VINO OTRO LOCO/ GRAN LOCO;$ 8.600,00;$ 0,00;0
0;341;VINO NOVE CIRCULO;$ 4.000,00;$ 0,00;0
0;342;GANCIA;$ 10.000,00;$ 0,00;0
0;343;FERNET 750cc;$ 21.000,00;$ 0,00;0
0;347;VINO NAVE MALBEC/ BLEND;$ 5.500,00;$ 0,00;0
0;349;CAMPARI;$ 7.300,00;$ 0,00;0
0;350;VINO PERRO CALLEJERO;$ 9.000,00;$ 0,00;0
0;351;VIÑAS DE BALBO;$ 6.500,00;$ 0,00;0
0;352;VINO MISIONERO;$ 1.500,00;$ 0,00;0
0;354;VINO NAMPE MALBEC;$ 5.600,00;$ 0,00;0
0;355;VINO ALAMBRADO MALBEC;$ 12.000,00;$ 0,00;0
0;358;DR LEMON X 1L;$ 4.500,00;$ 0,00;0
0;359;SIDRA PEHUENIA X 500;$ 3.500,00;$ 0,00;0
0;360;VINO ALCAHUETE;$ 2.000,00;$ 0,00;0
0;363;VINO COSECHA TARDIA BLANCO;$ 6.000,00;$ 0,00;0
0;364;VINO CORDERO PIEL DE LOBO;$ 9.500,00;$ 0,00;0
0;365;SIDRA PEHUENIA LATA X 473;$ 3.300,00;$ 0,00;0
0;366;SIDRA SIN ALCOHOL;$ 4.300,00;$ 0,00;0
0;367;MANI KING C/CAS X K;$ 7.000,00;$ 0,00;0
0;368;MANI KING PELADO EL KILO;$ 8.000,00;$ 0,00;0
0;369;SNACK LAYS  VARIOS X 85G;$ 3.000,00;$ 0,00;0
0;372;MANI PEHUAMAR;$ 0,00;$ 0,00;0
0;373;TWISTOS X 100G;$ 2.500,00;$ 0,00;0
0;374;SNACK MAICITOS;$ 20.000,00;$ 0,00;0
0;375;SNACK PAPAS SUELTAS;$ 20.000,00;$ 0,00;0
0;377;SNACK  3D QUESO X 145G;$ 4.800,00;$ 0,00;0
0;378;SNACK DORITOS DINAMITA  X 85G;$ 2.800,00;$ 0,00;0
0;380;CONITOS 3D X 95G;$ 3.000,00;$ 0,00;0
0;381;GOLOSINAS VARIAS;$ 0,00;$ 0,00;0
0;382;HARINA DE ARROZ GLUTAL X 1K;$ 7.300,00;$ 0,00;0
0;383;HARINA DE PREMEZCLA  GLUTAL X 1K;$ 8.800,00;$ 0,00;0
0;384;HARINA DE MANDIOCA GLUTAL X 1K;$ 6.300,00;$ 0,00;0
0;386;DULCE DE LECHE REPOST ILOLAY X 405G;$ 4.500,00;$ 0,00;0
0;387;DULCE DE LECHE CLASICO ILOLAY X 405G;$ 4.300,00;$ 0,00;0
0;388;DULCE DE LECHE CLASICO  X 205G;$ 2.300,00;$ 0,00;0
0;390;MERMELADAS ARCOR  FRUTILLA X 454G;$ 4.200,00;$ 0,00;0
0;391;HELADOS TORTA HELADA;$ 0,00;$ 0,00;0
0;392;GATORADE CHICO;$ 3.000,00;$ 0,00;0
0;393;BIZCOCHUELO GODET VAINILLA;$ 3.600,00;$ 0,00;0
0;394;ADHESIVO LA GOTITA;$ 2.500,00;$ 0,00;0
0;395;HELADOS POSTRE HELADO;$ 16.500,00;$ 0,00;0
0;397;BIZCOCHUELO EXQUISITA;$ 4.000,00;$ 0,00;0
0;399;SAL GRUESA;$ 2.300,00;$ 0,00;0
0;400;SAL FINA;$ 1.000,00;$ 0,00;0
0;401;MAIZENA X 220G;$ 2.800,00;$ 0,00;0
0;402;HARINA BLANCA FLOR LEUDANTE;$ 2.700,00;$ 0,00;0
0;406;HARINA FLORENCIA 0000;$ 1.800,00;$ 0,00;0
0;407;HARINA FLORENCIA LEUDANTE;$ 1.800,00;$ 0,00;0
0;408;LEVADURA X 2;$ 2.000,00;$ 0,00;0
0;409;LATA ARCOR POROTOS;$ 1.800,00;$ 0,00;0
0;410;LATA ARCOR GARBANZOS;$ 1.600,00;$ 0,00;0
0;411;LATA ARCOR JARDINERA;$ 1.600,00;$ 0,00;0
0;412;LATA ARCOR CHOCLO GRANO;$ 2.200,00;$ 0,00;0
0;413;LATA ARCOR CHOCLO CREMOSO;$ 2.000,00;$ 0,00;0
0;416;LATA ARVEJA ARCOR;$ 1.500,00;$ 0,00;0
0;417;LATA ATUN DEL MAR;$ 3.400,00;$ 0,00;0
0;418;LATA ATUN CAMPAÑOLA;$ 0,00;$ 0,00;0
0;419;LATA PATE;$ 1.500,00;$ 0,00;0
0;421;LATA PAN DE CARNE;$ 6.000,00;$ 0,00;0
0;422;LATA DE DURAZNO LA COLINA;$ 3.000,00;$ 0,00;0
0;423;LATA TOMATE PERITA CAMPAÑOLA;$ 2.000,00;$ 0,00;0
0;424;LATA TOMATE CUBETEADO CAMPAÑOLA;$ 2.000,00;$ 0,00;0
0;425;ACEITE ALSAMAR X 1.5L;$ 2.700,00;$ 0,00;0
0;426;ACEITE COCINERO X 1.5G;$ 4.600,00;$ 0,00;0
0;427;ACEITE COCINERO X900;$ 3.700,00;$ 0,00;0
0;429;VINAGRE MANZANA;$ 2.500,00;$ 0,00;0
0;430;SALSA LISTAS ROSA;$ 1.500,00;$ 0,00;0
0;431;SALSA LISTAS ARCOR;$ 1.300,00;$ 0,00;0
0;432;PURE DE TOMATE ARCOR X 530G;$ 1.300,00;$ 0,00;0
0;434;PURE DE TOMATE NOEL X 530G;$ 1.200,00;$ 0,00;0
0;437;TOMATE BOTELLA XL;$ 3.800,00;$ 0,00;0
0;439;PAPEL HIGIENICO ELEGANTE DOS HOJA;$ 6.000,00;$ 0,00;0
0;440;PAPEL HIGIENICO ELEGANTE SIMPLE HOJA;$ 4.000,00;$ 0,00;0
0;441;ROLLO DE COCINA ELEGANTE;$ 3.500,00;$ 0,00;0
0;443;PLUSBELLE;$ 5.500,00;$ 0,00;0
0;444;SUAVE;$ 5.300,00;$ 0,00;0
0;445;PERFUMERIA SEDAL X 190;$ 5.500,00;$ 0,00;0
0;446;PERFUMERIA SEDAL SACHET;$ 500,00;$ 0,00;0
0;448;PERFUMERIA CREMA HINDS 250;$ 5.600,00;$ 0,00;0
0;449;PERFUMERIA REXONA HOMBRE;$ 6.300,00;$ 0,00;0
0;450;PERFUMERIA REXONA MUJER;$ 6.800,00;$ 0,00;0
0;451;PERFUMERIA COPA MENSTRUAL;$ 10.000,00;$ 0,00;0
0;452;PERFUMERIA TOALLITAS CALIPSO VERDES;$ 2.000,00;$ 0,00;0
0;455;PERFUMERIA PASTA DENTAL CLOSEUP;$ 4.800,00;$ 0,00;0
0;457;CIGARRILLOS;$ 0,00;$ 0,00;0
0;458;PERFUMERIA PASTA DENTAL COLCAGTE X 70G;$ 4.000,00;$ 0,00;0
0;459;PERFUMERIA CEPILLOS X 2U;$ 2.200,00;$ 0,00;0
0;460;PERFUMERIA CEPILLOS X 1U;$ 2.000,00;$ 0,00;0
0;461;LIMPIESA JABON BLANCO SEISEME;$ 3.200,00;$ 0,00;0
0;462;PERFUMERIA JABON PLUSBELLE;$ 1.500,00;$ 0,00;0
0;463;PERFUMERIA JABON REXONA X 1U;$ 1.800,00;$ 0,00;0
0;465;OLE ESTRELLAS X 950ML;$ 14.500,00;$ 0,00;0
0;466;PERFUMERIA ALGODON ESTRELLA;$ 3.500,00;$ 0,00;0
0;467;PAÑALES X 8U;$ 5.000,00;$ 0,00;0
0;468;PAÑALES X 26U;$ 7.000,00;$ 0,00;0
0;469;FOCO LEDVANCE LUZ FRIA;$ 5.000,00;$ 0,00;0
0;470;FOCO LEDVANCE LUZ CALIDA;$ 3.500,00;$ 0,00;0
0;471;POMADA COBRA;$ 4.800,00;$ 0,00;0
0;472;ALCOHOL X 500ML;$ 4.500,00;$ 0,00;0
0;477;LIMPIEZA SUAVIZANTE LIQUIDO X 900ML;$ 4.000,00;$ 0,00;0
0;478;LIMPIEZA JABON EN POLVO ALA X 800;$ 3.500,00;$ 0,00;0
0;481;AYUDIN QUITAMANCHAS X 400ML;$ 600,00;$ 0,00;0
0;483;LIMPIEZA CIF CREMA X 375 G;$ 3.200,00;$ 0,00;0
0;485;LIMPIEZA LAVANDINA X 1L;$ 2.300,00;$ 0,00;0
0;486;LIMPIEZA LAVANDINA GEL X 700ML;$ 4.300,00;$ 0,00;0
0;487;LIMPIEZA POETT;$ 3.500,00;$ 0,00;0
0;488;LIMPIEZA DETERGENTE MAGISTRAL  X 300;$ 3.000,00;$ 0,00;0
0;490;LIMPIEZA LYSOFORM DESINFECTANTE;$ 5.500,00;$ 0,00;0
0;491;LIMPIEZA BLEM;$ 7.500,00;$ 0,00;0
0;492;LIMPIEZA RAID;$ 10.000,00;$ 0,00;0
0;493;LIMPIEZA ESPONJA AMARILLA;$ 2.500,00;$ 0,00;0
0;494;LIMPIEZA ESPONJA PLATEADA;$ 2.000,00;$ 0,00;0
0;495;LIMPIEZA REJILLAS;$ 3.000,00;$ 0,00;0
0;496;LIMPIEZA TRAPO DE PISO;$ 3.200,00;$ 0,00;0
0;497;VIRULANA;$ 1.500,00;$ 0,00;0
0;498;GALLETITAS SERRANITAS  X 3;$ 1.700,00;$ 0,00;0
0;499;GALLETITAS CRIOLLITAS X 5;$ 3.000,00;$ 0,00;0
0;500;GALLETITAS TRAVIATAS X 5;$ 3.000,00;$ 0,00;0
0;501;GALLETITAS TRAVIATAS X 3;$ 2.000,00;$ 0,00;0
0;502;RISKY-DIT;$ 600,00;$ 0,00;0
0;505;GALLETITASTRIO SCON X 300G;$ 3.000,00;$ 0,00;0
0;508;GALLETITAS TRIO CHOCOTRIO X 500G;$ 3.800,00;$ 0,00;0
0;509;GALLETITAS SURTIDO BAGLEY;$ 3.500,00;$ 0,00;0
0;510;GALLETITAS SURTIDO DIVERSION;$ 2.700,00;$ 0,00;0
0;511;GALLETITAS CACHAFAZ;$ 3.300,00;$ 0,00;0
0;512;GALLETITAS HOJALMAR;$ 1.300,00;$ 0,00;0
0;515;GALLETITAS 9 DE ORO X 200G;$ 1.500,00;$ 0,00;0
0;516;FACHITAS X 140G;$ 500,00;$ 0,00;0
0;517;GALLETITAS TRIO X 500G;$ 3.800,00;$ 0,00;0
0;518;GALLETITAS VAINILLA POZO CHOCO X 148g;$ 1.500,00;$ 0,00;0
0;520;GALLETITAS CHOCOLINAS X 250G;$ 2.300,00;$ 0,00;0
0;521;GALLETITAS RUMBAS;$ 1.500,00;$ 0,00;0
0;522;GALLETITAS TORTITAS ARCOR;$ 1.500,00;$ 0,00;0
0;523;GALLETITAS MERENGADAS;$ 1.500,00;$ 0,00;0
0;524;GALLETITAS SONRISAS;$ 1.500,00;$ 0,00;0
0;525;GALLETITAS COQUITAS X 260G;$ 2.300,00;$ 0,00;0
0;526;GALLETITAS AMOR;$ 1.500,00;$ 0,00;0
0;527;GALLETITAS PORTENITAS;$ 1.500,00;$ 0,00;0
0;528;GALLETITAS COFLER B/C/R;$ 1.800,00;$ 0,00;0
0;529;GALLETITAS PEPITOS;$ 2.500,00;$ 0,00;0
0;530;GALLETITAS OREOS;$ 2.700,00;$ 0,00;0
0;531;GALLETITAS FAUNA;$ 3.800,00;$ 0,00;0
0;536;PERFUMERIA MAQUINITA DE AFEITAR x2;$ 4.500,00;$ 0,00;0
0;537;PASCUALINA HOJALDRE;$ 2.700,00;$ 0,00;0
0;539;TAPAS DE EMPANADA X 12U DON YEYO;$ 1.800,00;$ 0,00;0
0;540;PAN DE PANCHOS;$ 2.300,00;$ 0,00;0
0;541;PAN DE HAMBURGUESA GRANDE;$ 3.000,00;$ 0,00;0
0;543;PAN LACTAL X 360GRS;$ 3.300,00;$ 0,00;0
0;544;CREMA DE LECHE DOBLE TREGAR;$ 3.200,00;$ 0,00;0
0;545;CREMA DE LECHE  ILOLAY;$ 3.500,00;$ 0,00;0
0;547;YOGURT BEBIBLE TEGRAR;$ 3.000,00;$ 0,00;0
0;550;YOGURT TR/ DURAZNO TREGAR;$ 1.800,00;$ 0,00;0
0;551;CREMATO MILKAUT X 285GRS;$ 5.500,00;$ 0,00;0
0;552;PEGAMENTO POXIlLINA;$ 7.000,00;$ 0,00;0
0;553;POXI RAM;$ 4.300,00;$ 0,00;0
0;554;ADHESIVO ECOLE;$ 3.500,00;$ 0,00;0
0;555;QUITA ESMALTE;$ 4.500,00;$ 0,00;0
0;556;PALITA VIRULANA;$ 1.400,00;$ 0,00;0
0;557;CARBON;$ 4.500,00;$ 0,00;0
0;558;LEÑA;$ 5.000,00;$ 0,00;0
0;560;SALCHICHAS LA CASONA X 6;$ 1.800,00;$ 0,00;0
0;561;SALCHICHAS PALADINI X 6;$ 3.400,00;$ 0,00;0
0;562;GALLETITAS MANA RELLENAS;$ 1.800,00;$ 0,00;0
0;563;GALLETITA MANA LIVIANAS;$ 1.200,00;$ 0,00;0
0;564;RAVIOLES;$ 4.000,00;$ 0,00;0
0;565;RAVIOLES 4 QUESOS;$ 4.000,00;$ 0,00;0
0;566;SORRENTINOS;$ 5.600,00;$ 0,00;0
0;567;FIDEOS FRESCO;$ 3.500,00;$ 0,00;0
0;568;CHICLES TOPLINE 7;$ 1.300,00;$ 0,00;0
0;569;CHICLES TOPLINE CHICO;$ 800,00;$ 0,00;0
0;570;CHICLES BELDEN;$ 350,00;$ 0,00;0
0;571;ALFAJORES AGUILA TORTA;$ 1.800,00;$ 0,00;0
0;572;ALFAJORES BLOCK;$ 1.800,00;$ 0,00;0
0;573;ALFAJORES BON O BON;$ 1.800,00;$ 0,00;0
0;577;ALFAJORES TATIN TRIPLE;$ 1.200,00;$ 0,00;0
0;578;ALFAJORES BON O BON SIMPLE;$ 1.200,00;$ 0,00;0
0;581;MENTOPLUS;$ 800,00;$ 0,00;0
0;584;TURRONES;$ 400,00;$ 0,00;0
0;585;GOLOSINA CHUPETINES CON CHICLE;$ 300,00;$ 0,00;0
0;586;GOLOSINA CHUPETIN COMUN;$ 200,00;$ 0,00;0
0;587;GOLOSINA CARAMELO MASTICABLE ARCOR;$ 50,00;$ 0,00;0
0;588;GOLOSINA CARAMELO MASTICABLE SUGUS;$ 100,00;$ 0,00;0
0;589;GOLOSINA CARAMELO MASTICABLE BUTTER TOFFI;$ 100,00;$ 0,00;0
0;590;GOLOSINA CARAMELO MASTICABLE BUTTER TOFFI;$ 100,00;$ 0,00;0
0;591;GOLOSINA CARAMELO MEDIA HORA;$ 100,00;$ 0,00;0
0;592;SUGUS CONFITADOS;$ 350,00;$ 0,00;0
0;593;PARAGUITAS;$ 0,00;$ 0,00;0
0;594;GOLOSINA BON O BON;$ 500,00;$ 0,00;0
0;595;HUEVOS KINDER;$ 3.000,00;$ 0,00;0
0;598;GOLOSINAS GOMITA DIENTITO;$ 100,00;$ 0,00;0
0;599;GOLOSINAS GOMITA GUSANITO;$ 100,00;$ 0,00;0
0;600;GOLOSINAS GOMITA SANDIA;$ 100,00;$ 0,00;0
0;601;GOLOSINAS GOMITA REGALIS;$ 150,00;$ 0,00;0
0;602;GOLOSINAS GOMITA BOTON;$ 50,00;$ 0,00;0
0;603;GOLOSINAS GOMITA CONITO X3;$ 100,00;$ 0,00;0
0;604;GOLOSINAS GOMITA MENTA;$ 50,00;$ 0,00;0
0;605;HAMBURGUESAS XL X 2 FELA;$ 4.500,00;$ 0,00;0
0;606;HAMBURGUESA X 2 SWIFT CACERAS;$ 5.200,00;$ 0,00;0
0;607;MANTECA 1 PREMIO X 100;$ 2.100,00;$ 0,00;0
0;608;MANTECA 1 PREMIO X 200;$ 4.000,00;$ 0,00;0
0;610;JUGO EN POLVO ARCOR/ BC;$ 500,00;$ 0,00;0
0;611;PILA AAA X2;$ 3.600,00;$ 0,00;0
0;612;PILA AA X2;$ 3.600,00;$ 0,00;0
0;613;ALIMENTO DE PERRO;$ 4.000,00;$ 0,00;0
0;614;ALIMENTO DE GATO;$ 4.300,00;$ 0,00;0
0;615;MANTECOL X 41G;$ 1.300,00;$ 0,00;0
0;616;SHOT X 35G;$ 0,00;$ 0,00;0
0;617;CHOCOLATE AGUILA;$ 7.300,00;$ 0,00;0
0;619;ALIKAL;$ 400,00;$ 0,00;0
0;620;UVASAL;$ 1.500,00;$ 0,00;0
0;621;IBUPROFENO 600;$ 500,00;$ 0,00;0
0;622;IBUPROFENO 400;$ 300,00;$ 0,00;0
0;623;QURA PLUS;$ 400,00;$ 0,00;0
0;624;MIGRAL;$ 1.500,00;$ 0,00;0
0;625;TAFIROL;$ 300,00;$ 0,00;0
0;626;KETOROLAC;$ 300,00;$ 0,00;0
0;627;IBUEVANOL;$ 300,00;$ 0,00;0
0;628;BUSCAPINA;$ 400,00;$ 0,00;0
0;629;SERTAL;$ 500,00;$ 0,00;0
0;630;ANIMA GIN X 750ML;$ 0,00;$ 0,00;0
0;631;ANIMA GIN X 500ML;$ 15.000,00;$ 0,00;0
0;632;EL COSTURERO GIN SABORIZADOS X 500ML;$ 19.000,00;$ 0,00;0
0;633;VINO SANTA JULIA MALBEC/CABER;$ 9.500,00;$ 0,00;0
0;634;SNACKS KESITAS REX ESTUCHE;$ 2.200,00;$ 0,00;0
0;635;SNACKS SALADIX ESTUCHE;$ 2.300,00;$ 0,00;0
0;636;CEREALES ARITOS FRUTALES X130G;$ 2.000,00;$ 0,00;0
0;638;LIMPIEZA BOLSAS 45x 60 negra;$ 2.500,00;$ 0,00;0
0;639;CALDOS X 2U;$ 800,00;$ 0,00;0
0;640;CALDOS X 6U;$ 3.000,00;$ 0,00;0
0;642;AZUCAR LA TIKAY;$ 1.900,00;$ 0,00;0
0;644;CAFE LA VIRGINIA X50G;$ 4.000,00;$ 0,00;0
0;645;MENTHO PLUS;$ 500,00;$ 0,00;0
0;646;JUGUITO CONGELADOS;$ 400,00;$ 0,00;0
0;647;FERNET 450cc;$ 14.300,00;$ 0,00;0
0;648;SALCHICHAS FELA X6;$ 2.300,00;$ 0,00;0
0;649;LIMPIEZA JABON LIQUIDO SKIP 3 L;$ 17.000,00;$ 0,00;0
0;651;SPEED  GRANDE;$ 3.000,00;$ 0,00;0
0;652;GALLETITAS GRAN AGUA SANDWICH;$ 2.000,00;$ 0,00;0
0;654;GRASA DOÑA FLORA;$ 5.800,00;$ 0,00;0
0;656;BIZCOCHUELO GODET CHOCOLATE;$ 4.300,00;$ 0,00;0
0;657;JUGO CITRIC;$ 5.500,00;$ 0,00;0
0;659;SIDRA 1888 X 473;$ 4.000,00;$ 0,00;0
0;660;HARINA PIZZA ARCOR;$ 5.700,00;$ 0,00;0
0;661;RICOTA ENTERA X 1 k;$ 5.500,00;$ 0,00;0
0;662;VINO ESTANCIA MENDOSA;$ 4.000,00;$ 0,00;0
0;663;LEVERWUSH;$ 2.300,00;$ 0,00;0
0;664;ÑACO;$ 2.200,00;$ 0,00;0
0;665;JUGO CEPITA BOTELLA LITRO;$ 4.000,00;$ 0,00;0
0;668;MAIZ PISI;$ 2.000,00;$ 0,00;0
0;670;CIGARRILLO PIER X20;$ 3.000,00;$ 0,00;0
0;672;CIGARRILLO CAMEL X20;$ 6.100,00;$ 0,00;0
0;673;LIMPIEZA DETERGENTE MAGISTRAL  X500;$ 4.700,00;$ 0,00;0
0;674;CAPPELLETTIS DON YEYO;$ 3.900,00;$ 0,00;0
0;675;VELAS;$ 2.500,00;$ 0,00;0
0;676;ALFAJOR TATIN SIMPLE;$ 500,00;$ 0,00;0
0;677;BUDIN DON YEYO;$ 3.800,00;$ 0,00;0
0;678;LIMPIEZA JABON BLANCO X1500;$ 1.500,00;$ 0,00;0
0;679;LIMPIEZA BOLSAS 45X60;$ 2.000,00;$ 0,00;0
0;681;CIGARRILLOS LUCKY MENTOLADOS AZUL;$ 5.400,00;$ 0,00;0
0;682;ACEITUNAS;$ 3.000,00;$ 0,00;0
0;683;BAÑO REPOSTERIA;$ 4.000,00;$ 0,00;0
0;685;CIGARRILLOS LUCKY ORIGINAL X 20;$ 5.400,00;$ 0,00;0
0;686;ARROZ GALLO X 1K;$ 4.500,00;$ 0,00;0
0;690;FIDEOS PADOAN;$ 2.800,00;$ 0,00;0
0;691;PURE DE TOMATES CAMPAÑOLA;$ 1.200,00;$ 0,00;0
0;693;MOSTAZA X 250;$ 2.000,00;$ 0,00;0
0;694;LATA COCTEL DE FRUTAS;$ 3.600,00;$ 0,00;0
0;695;MERMELDA ARCOR X 454G;$ 3.400,00;$ 0,00;0
0;697;MUFFINS AGUILA;$ 3.400,00;$ 0,00;0
0;698;MORTADELA BOCHAC FAMILIAR;$ 4.300,00;$ 0,00;0
0;700;FIDEOS MATARAZZO COLORES;$ 2.500,00;$ 0,00;0
0;701;CRUSH X2.25L;$ 2.800,00;$ 0,00;0
0;702;CIGARRILLOS LUCKY X12;$ 3.200,00;$ 0,00;0
0;703;SIDRA RAMA CAIDA;$ 4.600,00;$ 0,00;0
0;704;PASCUALINA CRIOLLA/ HOJALDRE;$ 3.000,00;$ 0,00;0
0;707;MANTECA PAULINA X 100G;$ 2.600,00;$ 0,00;0
0;708;MANTECA PAULINA  X 200G;$ 5.000,00;$ 0,00;0
0;709;LIMPIEZA DETERGENTE MAGISTRAL X 750L;$ 7.000,00;$ 0,00;0
0;710;GALLETITAS DON SATUR;$ 1.800,00;$ 0,00;0
0;712;SALAMIN P/ FINO LA CASONA;$ 4.600,00;$ 0,00;0
0;713;EL COSTURERO GIN COMUN X 500;$ 14.000,00;$ 0,00;0
0;714;HARINA MORIXE PIZZA;$ 2.200,00;$ 0,00;0
0;715;FIDEOS MAROLIO;$ 1.700,00;$ 0,00;0
0;716;DULCE DE LECHE TREGAR;$ 4.500,00;$ 0,00;0
0;717;HELADOS GELATOS 500gs;$ 13.800,00;$ 0,00;0
0;718;HELADOS POTE DE KILO;$ 15.900,00;$ 0,00;0
0;719;HELADOS GELATO 250gs;$ 7.800,00;$ 0,00;0
0;720;HELADOS ARCOR MILK;$ 3.000,00;$ 0,00;0
0;721;HELADOS CLOFLER COK/ DDL/ AMER;$ 4.500,00;$ 0,00;0
0;722;HELADOS CLOFER CONO;$ 4.500,00;$ 0,00;0
0;723;HELADOS BON O BON CORAZON;$ 4.500,00;$ 0,00;0
0;724;HELADOS ARCOR CONO;$ 3.500,00;$ 0,00;0
0;725;HELADOS BON O BON CONO;$ 4.500,00;$ 0,00;0
0;726;HELADOS ARCOR;$ 3.000,00;$ 0,00;0
0;727;HELADOS PALITO BOMBON;$ 2.000,00;$ 0,00;0
0;728;HELADOS ARCOR COPA;$ 3.000,00;$ 0,00;0
0;729;HELADOS ROCKLETS;$ 3.000,00;$ 0,00;0
0;730;HELADOS BARRITA AGUILA;$ 2.000,00;$ 0,00;0
0;731;HELADOS DIENTE;$ 2.000,00;$ 0,00;0
0;732;HELADOS MOGUL SANDIA;$ 2.000,00;$ 0,00;0
0;733;HELADOS SLICE;$ 2.500,00;$ 0,00;0
0;734;HELADOS TUBIX;$ 2.000,00;$ 0,00;0
0;735;HELADOS MOGUL OSO;$ 2.000,00;$ 0,00;0
0;736;HELADOS POPS;$ 2.000,00;$ 0,00;0
0;740;ENERGISANTES ROCKSTAR;$ 1.800,00;$ 0,00;0
0;741;LATA LENTEJAS ARCOR;$ 1.700,00;$ 0,00;0
0;742;GRANIX POROTOS;$ 4.000,00;$ 0,00;0
0;743;GALLETITAS VAINILLAS POZO X 148G;$ 1.400,00;$ 0,00;0
0;744;VINO CALLIA;$ 5.500,00;$ 0,00;0
0;746;SNACKS MANI CRACHITOS;$ 1.800,00;$ 0,00;0
0;747;CARTAS;$ 3.500,00;$ 0,00;0
0;748;PROVOLETA PALADINI;$ 1.500,00;$ 0,00;0
0;749;GALLETITAS PITUSAS X 300;$ 1.500,00;$ 0,00;0
0;751;CYNAR;$ 8.500,00;$ 0,00;0
0;752;FIDEOS FUSILLI TERRABUSI;$ 1.700,00;$ 0,00;0
0;754;CEPITA 250cc;$ 1.000,00;$ 0,00;0
0;755;ADERESO KETCHUP HELLMANS 60gr;$ 1.000,00;$ 0,00;0
0;756;MAYONESA 950;$ 6.000,00;$ 0,00;0
0;759;CAPELETTINIS GIACOMO;$ 5.600,00;$ 0,00;0
0;760;ESENCIA VAINILLA;$ 2.500,00;$ 0,00;0
0;761;GALLETITAS PASEO 300GR;$ 1.800,00;$ 0,00;0
0;762;PERFUMERIA HISOPOS;$ 4.500,00;$ 0,00;0
0;763;LIMPIEZA SUAVISANTE VIVERE;$ 4.000,00;$ 0,00;0
0;764;LIMPIEZA DETERGENTE MAGISTRAL 215ML;$ 2.500,00;$ 0,00;0
0;765;QUITAESMALTE CUTEX;$ 2.500,00;$ 0,00;0
0;766;TALCO REXONA 100GR;$ 3.500,00;$ 0,00;0
0;768;BICARBONATO;$ 2.000,00;$ 0,00;0
0;769;CONDIMENTO AJI MOLIDO;$ 1.600,00;$ 0,00;0
0;771;GALLETITAS TRAVIATA X 1U;$ 800,00;$ 0,00;0
0;772;MERMELADA SIN AZUCAR;$ 4.200,00;$ 0,00;0
0;773;VERMUT;$ 9.000,00;$ 0,00;0
0;774;PAPEL HIEGIENICO FELPITA;$ 3.000,00;$ 0,00;0
0;779;CERVEZA Stella 0.0;$ 3.300,00;$ 0,00;0
0;780;YERBA PLAYADITO DESPALADA X 500G;$ 3.500,00;$ 0,00;0
0;781;HARINA X 5 K;$ 8.800,00;$ 0,00;0
0;784;LIMPIEZA ZORRO B/ G/;$ 2.000,00;$ 0,00;0
0;785;HELADOS BOMBONCITOS;$ 0,00;$ 0,00;0
0;786;CERVEZA SCHNEIDER BOTELLA;$ 4.000,00;$ 0,00;0
0;788;TAPAS DE EMPANADA ROTISERA;$ 2.400,00;$ 0,00;0
0;789;PERFUMERIA SHAMPOO Y ACON PANTENE;$ 12.000,00;$ 0,00;0
0;790;SHAMPOO Y ACON DOVE;$ 5.600,00;$ 0,00;0
0;791;PETACAS;$ 3.500,00;$ 0,00;0
0;793;PAN AYUYA X K;$ 4.000,00;$ 0,00;0
0;794;HUEVOS MEDIA;$ 3.000,00;$ 0,00;0
0;795;TORTILLAS DOÑA ROSA;$ 3.700,00;$ 0,00;0
0;796;VERDULERIA;$ 0,00;$ 0,00;0
0;797;DOS CORAZONES;$ 2.000,00;$ 0,00;0
0;798;PROVOLONE FETAS/ CHEDAR;$ 3.000,00;$ 0,00;0
0;799;SOPAS LISTAS;$ 1.500,00;$ 0,00;0
0;801;CONDIMENTO PROVENZAL;$ 1.200,00;$ 0,00;0
0;802;CONDIMENTO PARA ARROZ;$ 1.200,00;$ 0,00;0
0;803;CONDIMENTO PARA PIZZA;$ 1.500,00;$ 0,00;0
0;804;SERVILLETAS;$ 2.500,00;$ 0,00;0
0;805;CARTULINAS;$ 2.000,00;$ 0,00;0
0;806;AFICHES;$ 1.800,00;$ 0,00;0
0;807;VINO DANTE ROBINO;$ 7.000,00;$ 0,00;0
0;808;VINO TORO BOTELLA 700L;$ 1.600,00;$ 0,00;0
0;809;PERFUMERIA CREMA HINDS 350g;$ 12.000,00;$ 0,00;0
0;810;PALMITOS;$ 7.000,00;$ 0,00;0
0;812;ÑACO CASERO;$ 3.000,00;$ 0,00;0
0;813;ARVEJAS MORA;$ 1.100,00;$ 0,00;0
0;815;CONDIMENTO COMINO;$ 1.400,00;$ 0,00;0
0;816;UNTABLE CHATEL;$ 2.500,00;$ 0,00;0
0;817;VODKA;$ 8.000,00;$ 0,00;0
0;818;LIMPIEZA BOLSAS 50X70;$ 3.600,00;$ 0,00;0
0;819;TABACO;$ 6.000,00;$ 0,00;0
0;820;GALLETITAS CEREAL MIX;$ 2.100,00;$ 0,00;0
0;822;COMIDA CANELONES;$ 4.200,00;$ 0,00;0
0;823;MERMELADA BC ARANDANOS;$ 5.300,00;$ 0,00;0
0;825;PILA AA X1;$ 2.200,00;$ 0,00;0
0;826;QUESO UNTABLE;$ 2.500,00;$ 0,00;0
0;827;MEMBRILLO;$ 4.000,00;$ 0,00;0
0;828;BATATA;$ 3.800,00;$ 0,00;0
0;829;TOMATE BOTELLA X 500;$ 2.100,00;$ 0,00;0
0;830;COCO RALLADO;$ 2.500,00;$ 0,00;0
0;831;NUES MOSCADA;$ 2.300,00;$ 0,00;0
0;833;TE TARAGUI X 100;$ 3.800,00;$ 0,00;0
0;834;SIDRA LA VICTORIA;$ 3.000,00;$ 0,00;0
0;836;GASEOSA CUNNINGTON;$ 2.500,00;$ 0,00;0
0;840;GALLETITAS FORMIS;$ 1.300,00;$ 0,00;0
0;842;AVENA;$ 3.000,00;$ 0,00;0
0;843;PASTA LISTA;$ 4.700,00;$ 0,00;0
0;845;CREMATO GRANDE;$ 5.800,00;$ 0,00;0
0;846;CREMA DE LECHE PAULINA;$ 3.000,00;$ 0,00;0
0;847;PERFUMERIA ODORONO;$ 3.000,00;$ 0,00;0
0;848;ACEITE LEGITIMO 900;$ 3.800,00;$ 0,00;0
0;849;ACEITE NATURA X 900;$ 4.000,00;$ 0,00;0
0;850;ARROZ LUCCHETTI K;$ 2.500,00;$ 0,00;0
0;851;FIDEOS VICENTE;$ 3.700,00;$ 0,00;0
0;852;HARINA AREPAS;$ 5.500,00;$ 0,00;0
0;853;GALLETITAS COFFLER BAÑADAS;$ 3.200,00;$ 0,00;0
0;854;GALLETITAS COFLER RELLENAS;$ 1.200,00;$ 0,00;0
0;860;VINO NAVE EXTRA BRUT;$ 6.400,00;$ 0,00;0
0;861;LIMPIEZA DESTAPA CAÑERIAS;$ 5.800,00;$ 0,00;0
0;867;VINO BENJAMIN;$ 5.000,00;$ 0,00;0
0;868;LATA DURAZNO ALCO;$ 3.000,00;$ 0,00;0
0;869;SALSA AJI PICANTE VANOLI;$ 3.500,00;$ 0,00;0
0;871;LATA LENTEJAS CAMPAÑOLA;$ 1.800,00;$ 0,00;0
0;872;LATA POROTOS CAMPAÑOLA;$ 1.800,00;$ 0,00;0
0;873;LATA ATUN CAMPAÑOLA;$ 6.000,00;$ 0,00;0
0;874;LATA JARDINERA CAMPAÑOLA;$ 2.000,00;$ 0,00;0
0;876;MORRON lata 125g;$ 5.500,00;$ 0,00;0
0;877;CHORIZOS CAGNIOLI;$ 7.000,00;$ 0,00;0
0;878;MANTECA MILKAUT X 100;$ 3.500,00;$ 0,00;0
0;879;YOGURT ARROZ CON LECHE;$ 1.600,00;$ 0,00;0
0;880;CONDIMENTO ANIS;$ 2.000,00;$ 0,00;0
0;881;CARNE PICADA SWIFT;$ 6.500,00;$ 0,00;0
0;882;FERNET 270cc;$ 3.300,00;$ 0,00;0
0;883;HELADOS CHOCOLINA;$ 3.000,00;$ 0,00;0
0;884;BOCADITO;$ 4.500,00;$ 0,00;0
0;885;PRONTO DE LITRO;$ 3.200,00;$ 0,00;0
0;886;PRONTO DE LITRO;$ 3.500,00;$ 0,00;0
0;887;GALLETITAS TOSTEX X 270;$ 2.500,00;$ 0,00;0
0;888;AGUA BIDON X 6200;$ 6.000,00;$ 0,00;0
0;889;LIMPIEZA FUYI;$ 5.800,00;$ 0,00;0
0;890;ROLLO DE COCINA FLORIPEL;$ 2.500,00;$ 0,00;0
0;891;AZUCAR DOMINO;$ 1.500,00;$ 0,00;0
0;892;AGUA C/GAS VILLA VICENCIO X 500;$ 1.700,00;$ 0,00;0
0;894;HELADO NOVELTY;$ 13.700,00;$ 0,00;0
0;895;HELADO FRIGOR LIMON X 500;$ 7.800,00;$ 0,00;0
0;896;HELADO NOEL X K;$ 10.100,00;$ 0,00;0
0;897;HELADO MILKA/ OREO;$ 10.600,00;$ 0,00;0
0;898;HELADO VAINILLA Y DDL FRIGOR;$ 8.700,00;$ 0,00;0
0;899;HELADO LIMONADA LA FRUTA;$ 2.000,00;$ 0,00;0
0;900;HELADO MEGA;$ 3.700,00;$ 0,00;0
0;901;HELADO EPA;$ 3.700,00;$ 0,00;0
0;902;VINO  DELCE FRESCO COLON;$ 5.500,00;$ 0,00;0
0;903;GANCIA  HIBISCO LATA;$ 2.300,00;$ 0,00;0
0;904;GALLETITAS GAONA;$ 2.000,00;$ 0,00;0
0;905;HELADO SIN PARAR;$ 1.600,00;$ 0,00;0
0;906;PERFUMERIA SEDAL X 340ML;$ 8.000,00;$ 0,00;0
0;907;LIMPIEZA GUANTE TALLE L;$ 4.800,00;$ 0,00;0
0;908;LIMPIEZA GUANTE TALLE M;$ 9.000,00;$ 0,00;0
0;909;VINO CAVIC TINTO;$ 3.000,00;$ 0,00;0
0;910;GALLETITAS TRIO TARTELETE;$ 3.000,00;$ 0,00;0
0;911;GALLETITAS FACHITAS;$ 2.000,00;$ 0,00;0
0;912;SCHWEPPES VODKA CITRUS X 310;$ 2.300,00;$ 0,00;0
0;913;SALSA GOLF 250;$ 2.800,00;$ 0,00;0
0;914;PERFUMERIA TOALLITAS VIOLETA;$ 2.300,00;$ 0,00;0
0;915;PERFUMERIA SEDAL X 650;$ 13.000,00;$ 0,00;0
0;916;SERNOVA VODKA;$ 7.200,00;$ 0,00;0
0;917;SERNOVA FRUTALES;$ 8.600,00;$ 0,00;0
0;919;AZUCAR IMPALPABLE;$ 2.000,00;$ 0,00;0
0;920;HAMBURGUESA CHAMPION X 4;$ 3.600,00;$ 0,00;0
0;921;QUESO RALLADO LA QUESERA;$ 1.300,00;$ 0,00;0
0;923;RAVIOLES X 1K;$ 6.000,00;$ 0,00;0
0;925;PINDAPOY CAJA;$ 2.000,00;$ 0,00;0
0;926;GALLETITAS HAMLET;$ 1.200,00;$ 0,00;0
0;927;CHOCOLATE HAMLET;$ 1.000,00;$ 0,00;0
0;928;GALLETITA MEDIA TARDE X UNIDAD;$ 700,00;$ 0,00;0
0;929;GALLETITA MEDIA TARDE X 3;$ 1.700,00;$ 0,00;0
0;930;GALLETITA MEDIA TARDE X 5;$ 2.900,00;$ 0,00;0
0;934;CORONA S/ALCOHOL  330;$ 3.800,00;$ 0,00;0
0;935;CERVEZA QUILMES 710;$ 4.500,00;$ 0,00;0
0;937;BUDIN  FANTOCHE;$ 0,00;$ 0,00;0
0;941;NAVIDAD MINI ROCLERTS NAVIDAD/CONF;$ 4.300,00;$ 0,00;0
0;942;NAVIDAD TURRON NAVIDAD;$ 1.300,00;$ 0,00;0
0;944;NAVIDAD MANI COLOR;$ 1.900,00;$ 0,00;0
0;947;GALLETITA OPERA X 92;$ 1.400,00;$ 0,00;0
0;948;PURE LISTO MAGGI;$ 3.000,00;$ 0,00;0
0;949;CERVEZA SALTA CAUTIVA LITRO;$ 5.000,00;$ 0,00;0
0;950;SALCHICHA X 12;$ 4.600,00;$ 0,00;0
0;951;HELADO TORPEDO;$ 1.200,00;$ 0,00;0
0;952;PAN LACTAL SEMILLAS;$ 4.600,00;$ 0,00;0
0;953;PAN DE LOMO;$ 3.000,00;$ 0,00;0
0;954;CERVEZA IMPERIAL 710;$ 4.500,00;$ 0,00;0
0;955;VINO HORMIGA NEGRA;$ 5.000,00;$ 0,00;0
0;956;GALLETITA NUMERO;$ 3.000,00;$ 0,00;0
0;957;CONDIMENTO OREGANO;$ 1.200,00;$ 0,00;0
0;958;PERFUMERIA TOALLITA ROSA;$ 2.000,00;$ 0,00;0
0;959;QUESO RALLADO LA SERENISIMA;$ 2.300,00;$ 0,00;0
0;960;QUESO RALLADO TREM;$ 2.300,00;$ 0,00;0
0;963;GALLETITA TRIO MARQUIS X 300;$ 3.000,00;$ 0,00;0
0;964;GALLETITAS CORONITAS;$ 2.000,00;$ 0,00;0
0;965;BUDINES NEVARES;$ 2.100,00;$ 0,00;0
0;966;LATA MANAOS;$ 1.200,00;$ 0,00;0
0;967;GALLETITAS CRIOLLITA S/SAL X 3;$ 3.300,00;$ 0,00;0
0;968;GALLETITAS CRIOLLITA X 1;$ 800,00;$ 0,00;0
0;969;GALLETITAS MOLINO ALA TOSTADA;$ 2.000,00;$ 0,00;0
0;970;HOGAREÑAS X 1;$ 1.400,00;$ 0,00;0
0;971;GALLETITAS CRIOLLITA X 3;$ 2.000,00;$ 0,00;0
0;974;CERVEZA WASTEINER;$ 5.300,00;$ 0,00;0
0;975;COFLER BAÑADAS;$ 3.000,00;$ 0,00;0
0;976;CERVEZA SALTA CAUTIVA LATA;$ 3.500,00;$ 0,00;0
0;979;BIZCOCHUELO SIN TAC;$ 5.500,00;$ 0,00;0
0;980;GOLOSINAS VIBORITAS;$ 1.200,00;$ 0,00;0
0;981;GOLOSINAS GOMITA LADRILLITO;$ 100,00;$ 0,00;0
0;982;GOLOSINAS GOMITA MORITA;$ 100,00;$ 0,00;0
0;983;GALLETITA COFLER CHOCO CREAMY;$ 1.700,00;$ 0,00;0
0;985;SALAMIN PEPPERONI LA CASONA;$ 4.700,00;$ 0,00;0
0;986;CHOCOLATE COFLER BLOCK X 110G;$ 4.600,00;$ 0,00;0
0;987;YOGURT FIRME;$ 1.000,00;$ 0,00;0
0;988;SNACK SALADIX  FLAME;$ 2.000,00;$ 0,00;0
0;989;SNACK LAYS ONDAS FH X 70G;$ 3.000,00;$ 0,00;0
0;990;SNACK PEP COMUN;$ 3.000,00;$ 0,00;0
0;994;CERVEZA POSTANAK;$ 3.200,00;$ 0,00;0
0;995;SIDRA REGGIA;$ 4.000,00;$ 0,00;0
0;996;JUGO BAGGIO;$ 2.500,00;$ 0,00;0
0;997;VINO CHACABUCO;$ 6.300,00;$ 0,00;0
0;998;VINO CAFAYATE;$ 5.600,00;$ 0,00;0
0;999;VINO ALMA MORA;$ 6.200,00;$ 0,00;0
0;1000;VINO CONEJO VERDE;$ 8.500,00;$ 0,00;0
0;1001;VINO CAPITAN;$ 4.500,00;$ 0,00;0
0;1002;QUESO ADLER SURTIDO;$ 3.500,00;$ 0,00;0
0;1003;CRUSH;$ 2.800,00;$ 0,00;0
0;1004;DOS ANCLAS AJI PICANTE;$ 3.500,00;$ 0,00;0
0;1005;legitimo 900cc;$ 3.200,00;$ 0,00;0
0;1006;PERFUMERIA TRESEME;$ 18.000,00;$ 0,00;0
0;1008;GALLETITA OPERA 55 G;$ 1.000,00;$ 0,00;0
0;1009;LATA DE ATUN ENSALADA;$ 4.200,00;$ 0,00;0
0;1010;LATA CHOCLO RELLENO PARA TARTA;$ 4.200,00;$ 0,00;0
0;1011;GOLOSINA FIZZ;$ 300,00;$ 0,00;0
0;1012;LEBERWURST;$ 2.200,00;$ 0,00;0
0;1013;JUGO EN POLVO RINDE 2;$ 700,00;$ 0,00;0
0;1014;FLAN CACERO;$ 3.800,00;$ 0,00;0
0;1017;SNACK CHISITOS SUELTOS;$ 2.000,00;$ 0,00;0
0;1018;GALLETITA CHIP TOSTEX;$ 2.500,00;$ 0,00;0
0;1019;JUGO DE LIMON MINERVA X 250;$ 2.000,00;$ 0,00;0
0;1020;SNACK PALITO  KRACHITOS;$ 1.500,00;$ 0,00;0
0;1021;MAYONESA HELLMANN X500;$ 3.000,00;$ 0,00;0
0;1022;VINO PASO ANCHO;$ 2.800,00;$ 0,00;0
0;1023;VINO TORO EN BOTELLA;$ 3.000,00;$ 0,00;0
0;1025;GRASA EL NEVADO x 800;$ 6.300,00;$ 0,00;0
0;1026;PEPINILLOS;$ 3.000,00;$ 0,00;0
0;1027;CABALLA;$ 3.500,00;$ 0,00;0
0;1028;CERVEZA WASTEINERLATA;$ 3.500,00;$ 0,00;0
0;1029;OFF;$ 7.300,00;$ 0,00;0
0;1031;CERVEZA CORONA 330;$ 3.800,00;$ 0,00;0
0;1033;VINO SAPO DE OTRO POSO;$ 15.700,00;$ 0,00;0
0;1036;CERVEZA BLUE MOON;$ 3.700,00;$ 0,00;0
0;1037;SPEED CHICO;$ 2.000,00;$ 0,00;0
0;1038;ACEITUNAS BOLSA;$ 1.600,00;$ 0,00;0
0;1039;SARDINA  MARBELLA;$ 3.800,00;$ 0,00;0
0;1040;LECHE ANGELITA;$ 2.700,00;$ 0,00;0
0;1041;LECHE CHOCOLATADA TREGAR;$ 1.800,00;$ 0,00;0
0;1045;FIDEO MATARAZO CEBLLO DE ANGEL;$ 3.700,00;$ 0,00;0
0;1046;VINO DADA;$ 6.000,00;$ 0,00;0
0;1048;HAMBURGUESA GASTRONOMICA;$ 5.700,00;$ 0,00;0
0;1049;SALCHICHAS ALEMANAS;$ 8.200,00;$ 0,00;0
0;1050;GRASA EL NEVADO X 1KG;$ 6.300,00;$ 0,00;0
0;1051;PAN  LACTAL 600gs;$ 4.500,00;$ 0,00;0
0;1052;SNACK LAYS 134GS;$ 4.800,00;$ 0,00;0
0;1054;ÑOQUIS DON YEYO;$ 2.800,00;$ 0,00;0
0;1055;SALAMIN P/ GRUESO LA CASONA;$ 7.000,00;$ 0,00;0
0;1056;CERVEZA PALERMO;$ 3.800,00;$ 0,00;0
0;1057;YERBA CHAMIGO X 500;$ 2.500,00;$ 0,00;0
0;1058;YERBA CBSE;$ 3.200,00;$ 0,00;0
0;1059;LA MERCED;$ 6.000,00;$ 0,00;0
0;1060;PERFUMERIA DENTAL COLGATE X 90;$ 4.300,00;$ 0,00;0
0;1061;GALLETITA DON SATUR PEPA;$ 2.000,00;$ 0,00;0
0;1062;CERVEZA ANDES ORO;$ 3.500,00;$ 0,00;0
0;1063;SAL COLOSAL CHIMI;$ 3.000,00;$ 0,00;0
0;1064;SAL COLOSAL AHIJUNA;$ 2.700,00;$ 0,00;0
0;1065;CREMA CHANTILLY;$ 11.500,00;$ 0,00;0
0;1066;GRASA JACOLI X K;$ 6.000,00;$ 0,00;0
0;1067;VINO LA CELIA;$ 10.800,00;$ 0,00;0
0;1069;PASCUALINA SIN TACC;$ 5.700,00;$ 0,00;0
0;1071;PROVOLETA;$ 10.500,00;$ 0,00;0
0;1072;AGUA ALVURA 500CC;$ 1.000,00;$ 0,00;0
0;1074;AGUA ALVURA 1500CC;$ 2.000,00;$ 0,00;0
0;1075;AGUA ALBURA 6LT;$ 3.500,00;$ 0,00;0
0;1076;TRAVIATA REX X3;$ 2.300,00;$ 0,00;0
0;1077;AGUA SABORIZADA LEVITE X 250;$ 1.600,00;$ 0,00;0
0;1078;MAGDALENA;$ 2.000,00;$ 0,00;0
0;1079;SUAVIZANTE 5 L;$ 15.000,00;$ 0,00;0
0;1080;AGUA SABORIZADA X 500 AQUARIUS;$ 2.000,00;$ 0,00;0
0;1081;LIMPIEZA JABON LIQUIDO ARIEL X 3 L;$ 13.300,00;$ 0,00;0
0;1082;CIGARRILLO LUCKY XL;$ 6.100,00;$ 0,00;0
0;1083;CIGARRILLO MENTA X 12;$ 3.700,00;$ 0,00;0
0;1084;EXTRACTO DE TOMATE;$ 2.300,00;$ 0,00;0
0;1085;TAPAS DE EMPANADAS X 18;$ 2.600,00;$ 0,00;0
0;1086;PAN DE HAMBURGUESA CHICO;$ 2.300,00;$ 0,00;0
0;1087;GALLETITA CHOCOLINAS X 181;$ 1.700,00;$ 0,00;0
0;1088;ALFAJOR GULA;$ 1.600,00;$ 0,00;0
0;1089;POLENTA X 250;$ 1.600,00;$ 0,00;0
0;1090;HARINA 000;$ 1.600,00;$ 0,00;0
0;1091;CHOCOLATE X 70;$ 11.000,00;$ 0,00;0
0;1092;RELLENO TORTA;$ 5.800,00;$ 0,00;0
0;1093;PERFUMERIA JABON LUX;$ 1.500,00;$ 0,00;0
0;1094;CIGARRILLO ORIGEN ROJO 20;$ 3.500,00;$ 0,00;0
0;1095;CIGARRILLO ORIGEN ROJO X 10;$ 1.700,00;$ 0,00;0
0;1096;CIGARRILLO RODMAN XL;$ 5.000,00;$ 0,00;0
0;1097;PERFUMERIA PANTEN X 200;$ 7.000,00;$ 0,00;0
0;1098;MARGARINA X 500;$ 7.000,00;$ 0,00;0
0;1099;LIMPIEZA DESODORANTE AMBIENTE;$ 4.500,00;$ 0,00;0
0;1100;FERNET 1000cc;$ 26.600,00;$ 0,00;0
0;1101;ADERESO TAU;$ 4.500,00;$ 0,00;0
0;1102;GALLETITAS SMAMS;$ 2.400,00;$ 0,00;0
0;1103;BARRANOLA;$ 1.000,00;$ 0,00;0
0;1104;PERFUMERIA KEVIN;$ 6.000,00;$ 0,00;0
0;1105;PERFUMERIA CHESTER ICE;$ 6.000,00;$ 0,00;0
0;1106;LENTEJON CALLIERI;$ 4.000,00;$ 0,00;0
0;1107;POROTOS CALLIERI;$ 6.300,00;$ 0,00;0
0;1108;POROTOS NEGROS LISETTA;$ 3.700,00;$ 0,00;0
0;1109;VINAGRE ALCOHOL;$ 1.500,00;$ 0,00;0
0;1110;YOGURT SERENISIMA;$ 5.000,00;$ 0,00;0
0;1111;JUGO PURO SOL;$ 3.500,00;$ 0,00;0
0;1112;LIMPIEZA JABON EN POLVO X 400;$ 2.300,00;$ 0,00;0
0;1113;CHOCOLATE X 60;$ 10.000,00;$ 0,00;0
0;1114;CHOCOLATE MAZISO/ AIREADO X 55;$ 3.800,00;$ 0,00;0
0;1115;CHOCOLATE MAZISO/ AIREADO X 55;$ 3.800,00;$ 0,00;0
0;1116;YOGURT BATIDO COCO/ CAFE/LIMON;$ 1.600,00;$ 0,00;0
0;1117;YERBA SOBERANIA X500G;$ 3.500,00;$ 0,00;0
0;1118;LIMPIEZA JABON LIQUIDO ALA X 800ML;$ 4.000,00;$ 0,00;0
0;1119;suerox 080;$ 4.300,00;$ 0,00;0
0;1121;AGUA SABORIZADA LEVITE;$ 4.000,00;$ 0,00;0
0;1122;PAPEL HIGIENICO X 1;$ 1.000,00;$ 0,00;0
0;1123;TE  SAINT;$ 9.000,00;$ 0,00;0
0;1124;TE  SAINT;$ 9.000,00;$ 0,00;0
0;1125;GALLETITAS SURTIDA TERRABUSI;$ 3.800,00;$ 0,00;0
0;1126;GALLETITAS TERRABUSI ANILLITO;$ 4.000,00;$ 0,00;0
0;1127;PERFUMERIA DESODORANTE NIVEA;$ 4.500,00;$ 0,00;0
0;1129;head y shoulders 180 ml;$ 9.000,00;$ 0,00;0
0;1130;SALAMINES ATM PICANTE;$ 7.700,00;$ 0,00;0
0;1131;SALAMINES FINO ATM;$ 7.300,00;$ 0,00;0
0;1132;VINO SANTA JULIA T/B DULCE;$ 10.700,00;$ 0,00;0
0;1133;CHICLES TOPLINE  ULTRA;$ 2.200,00;$ 0,00;0
0;1134;ALFAJOR FANTOCHE TRIPLE;$ 1.300,00;$ 0,00;0
0;1135;TALCO ALGABO;$ 2.000,00;$ 0,00;0
0;1136;PAN RALLADO X K;$ 2.200,00;$ 0,00;0
0;1138;LIMPIEZA JABON BLANCO ARGENTINA;$ 2.300,00;$ 0,00;0
0;1139;PERFUMERIA JABON KENIA;$ 1.500,00;$ 0,00;0
0;1140;AZAFRAN C/U;$ 3.300,00;$ 0,00;0
0;1141;LECHE EN POLVO LA PAULINA 800g;$ 140.000,00;$ 0,00;0
0;1142;LECHE EN POLVO TREGAR 800g;$ 18.500,00;$ 0,00;0
0;1143;LATA ATUN AHUMADO LC;$ 6.000,00;$ 0,00;0
0;1144;GELATINA CEREZA/MANZANA;$ 1.300,00;$ 0,00;0
0;1145;CHOCOLATE COFLER BLOCK X 300G;$ 13.800,00;$ 0,00;0
0;1146;BOMBON COFLER BLOCK;$ 700,00;$ 0,00;0
0;1147;PERFUMERIA MAQUINA DE AFEITAR DORCO;$ 2.800,00;$ 0,00;0
0;1148;LIMPIEZA PALA MAPUCHE;$ 1.500,00;$ 0,00;0
0;1149;LIMPIEZA PALA LP;$ 3.500,00;$ 0,00;0
0;1150;LIMPIEZA ESCOBILLON ARAUCANNO;$ 5.500,00;$ 0,00;0
0;1151;LIMPIEZA CABO DE MADERA FORRADO;$ 2.000,00;$ 0,00;0
0;1152;LIMPIEZA SECADOR DUO LP;$ 4.000,00;$ 0,00;0
0;1153;GALLETITAS TEMBLE;$ 1.500,00;$ 0,00;0
0;1154;GALLETIT GAO MAGDA;$ 2.500,00;$ 0,00;0
0;1155;GALLETITA GAO CHIP/CRUN;$ 2.000,00;$ 0,00;0
0;1156;GALLETITA BIZCO;$ 1.000,00;$ 0,00;0
0;1157;PASAS DE UVAS;$ 1.000,00;$ 0,00;0
0;1158;PERFUMERIA PROTECTORES DIARIOS;$ 2.300,00;$ 0,00;0
0;1159;ACEITE CAÑUELAS 1.5;$ 7.000,00;$ 0,00;0
0;1160;MALVAVISCO;$ 3.000,00;$ 0,00;0
0;1161;GALLETITA OSKITO;$ 3.500,00;$ 0,00;0
0;1162;LATA DE ANANA;$ 5.000,00;$ 0,00;0
0;1163;LECHE EN POLVO PURISIMA 400G;$ 63.000,00;$ 0,00;0
0;1164;GLUTAL ALMIDON MAIZ X500;$ 3.000,00;$ 0,00;0
0;1165;AGUA SABORISADA S.D.L;$ 2.000,00;$ 0,00;0
0;1166;CRAZY CAFE COGÑAC;$ 6.500,00;$ 0,00;0
0;1167;CRAZY RON;$ 7.000,00;$ 0,00;0
0;1168;CRAZY VODKA;$ 6.500,00;$ 0,00;0
0;1169;XTREME BERRY;$ 8.800,00;$ 0,00;0
0;1170;CRAZY COCTEL VODKA PULPA DURAZNO;$ 5.200,00;$ 0,00;0
0;1171;LATA INALPA ARVEJA Y ZANAHORIA;$ 1.500,00;$ 0,00;0
0;1172;LATA INALPA ANAHORIA Y CHOCLO;$ 1.700,00;$ 0,00;0
0;1173;LATA ZANAHORIA CUBOS;$ 1.300,00;$ 0,00;0
0;1174;LATA INALPA REMOLACHA;$ 1.500,00;$ 0,00;0
0;1175;LATA NOGAL PALMITO;$ 8.000,00;$ 0,00;0
0;1176;FIDEO GRIMALDI;$ 3.500,00;$ 0,00;0
0;1177;VINO MALMA;$ 15.000,00;$ 0,00;0
0;1178;MANTECA SANCOR X 100;$ 3.000,00;$ 0,00;0
0;1179;MANTECA SANCOR X 200;$ 5.700,00;$ 0,00;0
0;1180;FIDEOS DOÑA ROSA;$ 6.500,00;$ 0,00;0
0;1181;JABON EN POLVO ACE X 800;$ 2.800,00;$ 0,00;0
0;1182;DANICA PAN X200;$ 2.800,00;$ 0,00;0
0;1183;DANICA DORADA X 210;$ 3.500,00;$ 0,00;0
0;1184;ARROZ YIN YANG INTEGRAL;$ 3.000,00;$ 0,00;0
0;1185;ARROZ YIN YANG YAMANI;$ 3.800,00;$ 0,00;0
0;1186;SALCHICHA LARGA;$ 7.500,00;$ 0,00;0
0;1187;OLEO;$ 13.000,00;$ 0,00;0
0;1188;AGUA SABORIADA AQUARIUS X 500;$ 2.300,00;$ 0,00;0